state,ind_A_agri,ind_B_mining,ind_C_mfg,ind_DE_utilities,ind_F_construction,ind_G_trade,ind_H_transport,ind_I_accomfood,ind_P_education,ind_Q_health,ind_S_other_svc,ind_professional,rural_est_hh_x100,rural_mean_earnings,rural_sample_hh,rural_se_ag_pct,rural_se_nonag_pct,rural_se_total_pct,total_est_hh_x100,total_mean_earnings,urban_casual_pct,urban_est_hh_x100,urban_mean_earnings,urban_others_pct,urban_rw_pct,urban_sample_hh,urban_se_total_pct
Andhra Pradesh,59.46,0.6,7.59,0.46,11.49,7.19,3.55,1.26,1.84,1.08,1.93,0.8200000000000001,91483,14344.0,6021,27.3,15.0,42.3,144876,15910.0,12.1,53393,20187.0,24.5,37.3,4752,26.1
Assam,48.34,0.14,7.99,0.31,15.35,11.42,5.76,1.61,3.29,0.97,1.6,1.1099999999999999,65811,10217.0,5991,25.9,23.1,49.0,76666,10930.0,10.5,10855,17643.0,11.8,39.4,4163,38.4
Bihar,52.5,0.02,6.81,0.35,18.6,9.78,3.7,1.39,2.47,0.71,1.29,0.7100000000000001,210599,12658.0,13023,31.3,19.6,50.9,239098,13256.0,10.8,28500,18791.0,20.1,27.7,4896,41.5
Chhattisgarh,67.75,0.47,5.03,0.9099999999999999,11.09,5.2,1.56,0.69,2.41,1.43,1.08,0.6699999999999999,46627,11062.0,4302,50.8,8.1,59.0,60027,12264.0,11.3,13400,18773.0,13.8,44.7,4320,30.2
Delhi,12.05,0.0,16.61,0.69,14.0,16.2,16.07,1.53,2.9,1.66,1.88,5.390000000000001,1041,25805.0,288,7.5,23.2,30.7,38589,34635.0,5.1,37548,34868.0,13.3,46.3,3251,35.3
Gujarat,62.18,0.25,12.57,0.5700000000000001,6.66,6.61,3.24,0.79,1.78,0.86,1.16,1.12,77198,13692.0,6459,42.2,13.1,55.2,141473,16959.0,5.7,64275,24311.0,9.5,52.1,6303,32.7
Haryana,39.74,0.06,14.06,0.76,14.77,9.99,5.01,1.23,4.16,1.45,2.83,2.06,36096,16025.0,3576,22.7,16.6,39.3,69147,21393.0,10.2,33052,30243.0,8.4,51.3,3442,30.1
Himachal Pradesh,60.39,0.39,5.59,1.69,9.55,5.12,3.69,1.64,5.2,0.87,1.39,0.8600000000000001,14314,10674.0,1619,33.5,17.8,51.3,17355,11977.0,6.5,3040,31266.0,19.9,52.0,1440,21.6
Jharkhand,52.77,0.81,7.09,0.11,20.03,7.7,4.18,1.94,1.84,0.95,1.45,0.56,56255,10046.0,4719,31.0,21.6,52.6,71951,11846.0,8.8,15696,22080.0,16.7,39.4,3408,35.1
Karnataka,61.23,0.32,9.05,0.62,7.6,6.52,4.6,1.82,2.34,0.9,0.92,0.94,92172,16352.0,6867,36.2,12.8,49.0,170198,19005.0,10.8,78027,24797.0,16.2,45.9,6191,27.1
Kerala,31.64,0.1,9.79,0.8200000000000001,13.94,13.26,5.0,4.45,5.18,3.52,2.14,2.7,51312,15997.0,2736,14.4,19.1,33.5,100076,17964.0,13.5,48764,20269.0,17.0,40.6,4176,28.9
Madhya Pradesh,72.5,0.24,3.85,0.33,11.53,4.31,2.16,0.56,1.6,0.64,0.8,0.39,116445,13230.0,11691,55.2,9.0,64.2,169756,14766.0,10.9,53312,19664.0,11.4,35.6,7738,42.1
Maharashtra,67.79,0.15,7.58,0.29,4.98,6.45,3.76,1.15,1.92,0.79,0.92,1.23,141695,15654.0,9456,38.6,11.7,50.3,288513,22140.0,7.0,146818,33225.0,12.8,52.8,10071,27.4
Odisha,57.4,0.51,6.88,0.43,15.71,6.45,3.12,1.63,2.41,1.18,1.43,1.31,86378,8558.0,6789,34.1,15.3,49.3,107467,9811.0,11.1,21089,18782.0,24.2,36.5,3874,28.2
Punjab,34.97,0.07,16.03,0.8200000000000001,18.15,8.15,4.04,1.67,3.29,2.07,3.7,1.78,37147,18340.0,3854,20.9,20.4,41.3,65892,19927.0,9.0,28744,22562.0,7.7,46.5,3585,36.8
Rajasthan,65.69,0.79,6.09,0.45,11.63,4.84,2.56,1.25,2.17,0.83,1.26,0.8,107515,11571.0,10314,46.6,16.2,62.8,156547,13453.0,9.9,49032,21373.0,15.3,39.5,7036,35.4
Tamil Nadu,41.53,0.19,13.93,0.63,18.32,8.09,4.2,2.01,3.04,1.21,1.25,1.24,109417,14142.0,6462,19.2,14.8,33.9,222925,17306.0,11.9,113508,22386.0,18.0,46.9,7752,23.2
Telangana,62.18,0.31,10.7,0.54,6.77,6.56,3.39,1.18,1.78,1.05,1.51,0.9500000000000001,59753,16932.0,4020,35.9,14.8,50.7,105539,18897.0,9.3,45786,23809.0,21.0,44.7,4740,25.0
Uttar Pradesh,59.15,0.03,7.05,0.31000000000000005,15.44,7.44,3.15,0.97,1.93,0.77,1.27,0.97,305178,10431.0,23537,44.2,16.4,60.7,398913,11879.0,10.4,93735,18701.0,10.7,35.6,13237,43.4
West Bengal,49.7,0.05,15.43,0.32,12.33,7.25,3.77,1.93,2.55,1.23,1.58,1.06,176094,8846.0,6903,26.8,22.0,48.8,257308,10590.0,10.0,81214,16496.0,12.0,41.8,5898,36.2
