state,sector,n,true_mean,nhis_mean_A,bias_pct_A,nhis_mean_B,bias_pct_B
Andhra Pradesh,rural,1759,180546.075042638,162285.33769187,-10.1141702174667,106096.677970438,-41.2356774051267
Andhra Pradesh,urban,1540,268054.269480519,245495.385714286,-8.41578976151066,167608.724220779,-37.4720930408609
Assam,rural,1949,154202.866598256,146980.91380195,-4.6834102086579,97056.0146485377,-37.059526330728
Assam,urban,461,231037.377440347,227524.720173536,-1.52038484236961,148558.181995662,-35.6995029801969
Bihar,rural,5292,147402.654761905,132557.763227513,-10.0709797651678,82646.7569444444,-43.9312968426917
Bihar,urban,1307,226782.541698546,209721.264728386,-7.52318800308695,139791.793917368,-38.3586616190288
Chhattisgarh,rural,484,158708.504132231,141254.940082645,-10.9972456391152,91890.6635330578,-42.1009831606143
Chhattisgarh,urban,447,280303.991051454,256187.823266219,-8.60357631540395,182445.524049217,-34.9115496483508
Delhi,rural,31,275593.967741936,189949.806451613,-31.0762104091187,115697.225806452,-58.0189556562466
Delhi,urban,1465,434868.320819113,382209.777474403,-12.1090778113069,260594.472764505,-40.0750847351556
Gujarat,rural,1296,184000.413580247,162389.340277778,-11.7451221342196,100939.392322531,-45.1417579132186
Gujarat,urban,2323,317592.364184245,286629.203185536,-9.74934050390013,192221.432350409,-39.4754238364196
Haryana,rural,768,215185.700520833,177383.23828125,-17.5673672312271,116166.471809896,-46.0157103707507
Haryana,urban,1100,397767.1,371229.435454546,-6.67165900484343,259538.708045454,-34.7510872454121
Himachal Pradesh,rural,326,160664.067484663,148057.208588957,-7.84671961383587,104270.224233129,-35.1004702759174
Himachal Pradesh,urban,73,474597.356164384,427436.671232877,-9.93698854807191,294110.137671233,-38.0295457083491
Jharkhand,rural,1558,113516.142490372,100079.259306804,-11.8369800882798,62120.3126444159,-45.2762300747803
Jharkhand,urban,609,243901.379310345,203825.183908046,-16.431311506158,127279.229474548,-47.815289181864
Karnataka,rural,1512,220864.982142857,207436.265873016,-6.08005675664576,138241.721428571,-37.4089454619132
Karnataka,urban,2337,320560.616174583,291075.252888318,-9.1980617076822,201398.527471117,-37.1730283418748
Kerala,rural,1257,221533.309466985,190715.870326173,-13.9109731240684,127611.253341289,-42.3963585212875
Kerala,urban,1557,286003.556197816,268719.767501606,-6.04320761810955,189752.972125883,-33.6536319168566
Madhya Pradesh,rural,1344,156545.430803571,134042.595238095,-14.3746358165586,82470.376860119,-47.3185666060095
Madhya Pradesh,urban,2480,258292.135483871,230440.312903226,-10.7830703124077,155329.289274194,-39.862942794132
Maharashtra,rural,2125,212661.739764706,194479.890823529,-8.54965682181162,129205.790305882,-39.2435186278271
Maharashtra,urban,4446,418923.668241116,380959.474134053,-9.06231778845493,261306.211538461,-37.6243856940391
Odisha,rural,1694,116254.526564345,106383.109799292,-8.49121067091481,70748.9759149941,-39.1430355394929
Odisha,urban,657,232305.164383562,229990.789954338,-0.996264734520688,160638.463242009,-30.8502401708224
Punjab,rural,971,253202.173017508,213930.487126674,-15.5100113963551,137531.924562307,-45.6829604093496
Punjab,urban,1169,298287.571428571,272993.867408041,-8.47963725052058,184354.301924722,-38.1957816606959
Rajasthan,rural,2233,158401.632781012,147334.105239588,-6.98700344631219,98758.756135244,-37.6529430906962
Rajasthan,urban,1918,282937.79092805,245810.340458811,-13.1221249545559,165537.95596976,-41.4931616498498
Tamil Nadu,rural,2076,183316.882947977,171447.283236994,-6.47490810453672,112168.421965318,-38.8117339977083
Tamil Nadu,urban,2910,295017.615120275,262473.359793814,-11.0312922545973,177570.616890034,-39.8101646175802
Telangana,rural,1134,242390.142857143,217675.657848325,-10.1961592651828,144874.844179894,-40.2307195861183
Telangana,urban,1265,317688.630039526,298998.829249012,-5.88305624541504,203628.185731225,-35.9032189141014
Uttar Pradesh,rural,6416,133130.194669576,121164.328086035,-8.98809365767095,78199.8859491895,-41.2605937043219
Uttar Pradesh,urban,4496,247003.506895018,212923.021797153,-13.7975713487946,143412.250244662,-41.9391845697092
West Bengal,rural,4966,111768.258356826,101095.598872332,-9.54891812881391,65427.0439387837,-41.461873969706
West Bengal,urban,3249,228848.858417975,212142.225300092,-7.30029121987974,143627.026254232,-37.2393521002808
